Workbook

Sheet Student Data
A1: Student ID | B1: Name | C1: Test 1 | D1: Test 2 | E1: Test 3 | F1: Average | G1: Attendance % | H1: Academic Status | I1: Attendance Status | J1: Risk Category | K1: Column1 | L1: Attn (Green) | M1: Avg (Green) | N1: Attn (Yellow) | O1: Avg (Yellow) | P1: Attn (Red) | Q1: Avg (Red) | R1: AttnLine_X | S1: AcademicLine_Y60 | T1: AttnLine_X75 | U1: AttendanceLine_Y
A2: STU1001 | B2: Ahmed Mohammed | C2: 46 | D2: 46 | E2: 54 | F2: =ROUND(AVERAGE(C2:E2),1) -> 48.7 | G2: 56.3 | H2: =IF(F2<60,"FAIL","PASS") -> FAIL | I2: =IF(G2<75,"FAIL","PASS") -> FAIL | J2: =IF(AND(H2="FAIL",I2="FAIL"),"RED - Dual Risk",IF(OR(H2="FAIL",I2="FAIL"),"YELLOW - Single Risk","GREEN - Satisfactory")) -> RED - Dual Risk | L2: =IF(J2="GREEN - Satisfactory",G2,"") | M2: =IF(J2="GREEN - Satisfactory",F2,"") | N2: =IF(J2="YELLOW - Single Risk",G2,"") | O2: =IF(J2="YELLOW - Single Risk",F2,"") | P2: =IF(J2="RED - Dual Risk",G2,"") -> 56.3 | Q2: =IF(J2="RED - Dual Risk",F2,"") -> 48.7 | R2: 0 | S2: 60 | T2: 75 | U2: 0
A3: STU1002 | B3: Khalid Abdullah | C3: 36 | D3: 58 | E3: 49 | F3: =ROUND(AVERAGE(C3:E3),1) -> 47.7 | G3: 62.9 | H3: =IF(F3<60,"FAIL","PASS") -> FAIL | I3: =IF(G3<75,"FAIL","PASS") -> FAIL | J3: =IF(AND(H3="FAIL",I3="FAIL"),"RED - Dual Risk",IF(OR(H3="FAIL",I3="FAIL"),"YELLOW - Single Risk","GREEN - Satisfactory")) -> RED - Dual Risk | L3: =IF(J3="GREEN - Satisfactory",G3,"") | M3: =IF(J3="GREEN - Satisfactory",F3,"") | N3: =IF(J3="YELLOW - Single Risk",G3,"") | O3: =IF(J3="YELLOW - Single Risk",F3,"") | P3: =IF(J3="RED - Dual Risk",G3,"") -> 62.9 | Q3: =IF(J3="RED - Dual Risk",F3,"") -> 47.7 | R3: 100 | S3: 60 | T3: 75 | U3: 100
A4: STU1003 | B4: Saud Ibrahim | C4: 52 | D4: 42 | E4: 57 | F4: =ROUND(AVERAGE(C4:E4),1) -> 50.3 | G4: 82.4 | H4: =IF(F4<60,"FAIL","PASS") -> FAIL | I4: =IF(G4<75,"FAIL","PASS") -> PASS | J4: =IF(AND(H4="FAIL",I4="FAIL"),"RED - Dual Risk",IF(OR(H4="FAIL",I4="FAIL"),"YELLOW - Single Risk","GREEN - Satisfactory")) -> YELLOW - Single Risk | L4: =IF(J4="GREEN - Satisfactory",G4,"") | M4: =IF(J4="GREEN - Satisfactory",F4,"") | N4: =IF(J4="YELLOW - Single Risk",G4,"") -> 82.4 | O4: =IF(J4="YELLOW - Single Risk",F4,"") -> 50.3 | P4: =IF(J4="RED - Dual Risk",G4,"") | Q4: =IF(J4="RED - Dual Risk",F4,"")
A5: STU1004 | B5: Mohammed Ali | C5: 84 | D5: 97 | E5: 73 | F5: =ROUND(AVERAGE(C5:E5),1) -> 84.7 | G5: 92.2 | H5: =IF(F5<60,"FAIL","PASS") -> PASS | I5: =IF(G5<75,"FAIL","PASS") -> PASS | J5: =IF(AND(H5="FAIL",I5="FAIL"),"RED - Dual Risk",IF(OR(H5="FAIL",I5="FAIL"),"YELLOW - Single Risk","GREEN - Satisfactory")) -> GREEN - Satisfactory | L5: =IF(J5="GREEN - Satisfactory",G5,"") -> 92.2 | M5: =IF(J5="GREEN - Satisfactory",F5,"") -> 84.7 | N5: =IF(J5="YELLOW - Single Risk",G5,"") | O5: =IF(J5="YELLOW - Single Risk",F5,"") | P5: =IF(J5="RED - Dual Risk",G5,"") | Q5: =IF(J5="RED - Dual Risk",F5,"")
A6: STU1005 | B6: Fahad Saleh | C6: 63 | D6: 75 | E6: 79 | F6: =ROUND(AVERAGE(C6:E6),1) -> 72.3 | G6: 73.6 | H6: =IF(F6<60,"FAIL","PASS") -> PASS | I6: =IF(G6<75,"FAIL","PASS") -> FAIL | J6: =IF(AND(H6="FAIL",I6="FAIL"),"RED - Dual Risk",IF(OR(H6="FAIL",I6="FAIL"),"YELLOW - Single Risk","GREEN - Satisfactory")) -> YELLOW - Single Risk | L6: =IF(J6="GREEN - Satisfactory",G6,"") | M6: =IF(J6="GREEN - Satisfactory",F6,"") | N6: =IF(J6="YELLOW - Single Risk",G6,"") -> 73.6 | O6: =IF(J6="YELLOW - Single Risk",F6,"") -> 72.3 | P6: =IF(J6="RED - Dual Risk",G6,"") | Q6: =IF(J6="RED - Dual Risk",F6,"")
A7: STU1006 | B7: Abdullah Hassan | C7: 75 | D7: 67 | E7: 85 | F7: =ROUND(AVERAGE(C7:E7),1) -> 75.7 | G7: 56.7 | H7: =IF(F7<60,"FAIL","PASS") -> PASS | I7: =IF(G7<75,"FAIL","PASS") -> FAIL | J7: =IF(AND(H7="FAIL",I7="FAIL"),"RED - Dual Risk",IF(OR(H7="FAIL",I7="FAIL"),"YELLOW - Single Risk","GREEN - Satisfactory")) -> YELLOW - Single Risk | L7: =IF(J7="GREEN - Satisfactory",G7,"") | M7: =IF(J7="GREEN - Satisfactory",F7,"") | N7: =IF(J7="YELLOW - Single Risk",G7,"") -> 56.7 | O7: =IF(J7="YELLOW - Single Risk",F7,"") -> 75.7 | P7: =IF(J7="RED - Dual Risk",G7,"") | Q7: =IF(J7="RED - Dual Risk",F7,"")
A8: STU1007 | B8: Omar Khalid | C8: 84 | D8: 71 | E8: 84 | F8: =ROUND(AVERAGE(C8:E8),1) -> 79.7 | G8: 84.2 | H8: =IF(F8<60,"FAIL","PASS") -> PASS | I8: =IF(G8<75,"FAIL","PASS") -> PASS | J8: =IF(AND(H8="FAIL",I8="FAIL"),"RED - Dual Risk",IF(OR(H8="FAIL",I8="FAIL"),"YELLOW - Single Risk","GREEN - Satisfactory")) -> GREEN - Satisfactory | L8: =IF(J8="GREEN - Satisfactory",G8,"") -> 84.2 | M8: =IF(J8="GREEN - Satisfactory",F8,"") -> 79.7 | N8: =IF(J8="YELLOW - Single Risk",G8,"") | O8: =IF(J8="YELLOW - Single Risk",F8,"") | P8: =IF(J8="RED - Dual Risk",G8,"") | Q8: =IF(J8="RED - Dual Risk",F8,"")
A9: STU1008 | B9: Yousef Ahmed | C9: 48 | D9: 42 | E9: 59 | F9: =ROUND(AVERAGE(C9:E9),1) -> 49.7 | G9: 90 | H9: =IF(F9<60,"FAIL","PASS") -> FAIL | I9: =IF(G9<75,"FAIL","PASS") -> PASS | J9: =IF(AND(H9="FAIL",I9="FAIL"),"RED - Dual Risk",IF(OR(H9="FAIL",I9="FAIL"),"YELLOW - Single Risk","GREEN - Satisfactory")) -> YELLOW - Single Risk | L9: =IF(J9="GREEN - Satisfactory",G9,"") | M9: =IF(J9="GREEN - Satisfactory",F9,"") | N9: =IF(J9="YELLOW - Single Risk",G9,"") -> 90 | O9: =IF(J9="YELLOW - Single Risk",F9,"") -> 49.7 | P9: =IF(J9="RED - Dual Risk",G9,"") | Q9: =IF(J9="RED - Dual Risk",F9,"")
A10: STU1009 | B10: Nasser Saad | C10: 52 | D10: 58 | E10: 42 | F10: =ROUND(AVERAGE(C10:E10),1) -> 50.7 | G10: 53.9 | H10: =IF(F10<60,"FAIL","PASS") -> FAIL | I10: =IF(G10<75,"FAIL","PASS") -> FAIL | J10: =IF(AND(H10="FAIL",I10="FAIL"),"RED - Dual Risk",IF(OR(H10="FAIL",I10="FAIL"),"YELLOW - Single Risk","GREEN - Satisfactory")) -> RED - Dual Risk | L10: =IF(J10="GREEN - Satisfactory",G10,"") | M10: =IF(J10="GREEN - Satisfactory",F10,"") | N10: =IF(J10="YELLOW - Single Risk",G10,"") | O10: =IF(J10="YELLOW - Single Risk",F10,"") | P10: =IF(J10="RED - Dual Risk",G10,"") -> 53.9 | Q10: =IF(J10="RED - Dual Risk",F10,"") -> 50.7
A11: STU1010 | B11: Turki Mohammed | C11: 85 | D11: 78 | E11: 96 | F11: =ROUND(AVERAGE(C11:E11),1) -> 86.3 | G11: 81.1 | H11: =IF(F11<60,"FAIL","PASS") -> PASS | I11: =IF(G11<75,"FAIL","PASS") -> PASS | J11: =IF(AND(H11="FAIL",I11="FAIL"),"RED - Dual Risk",IF(OR(H11="FAIL",I11="FAIL"),"YELLOW - Single Risk","GREEN - Satisfactory")) -> GREEN - Satisfactory | L11: =IF(J11="GREEN - Satisfactory",G11,"") -> 81.1 | M11: =IF(J11="GREEN - Satisfactory",F11,"") -> 86.3 | N11: =IF(J11="YELLOW - Single Risk",G11,"") | O11: =IF(J11="YELLOW - Single Risk",F11,"") | P11: =IF(J11="RED - Dual Risk",G11,"") | Q11: =IF(J11="RED - Dual Risk",F11,"")
A12: STU1011 | B12: Abdulrahman Ali | C12: 81 | D12: 64 | E12: 75 | F12: =ROUND(AVERAGE(C12:E12),1) -> 73.3 | G12: 69.7 | H12: =IF(F12<60,"FAIL","PASS") -> PASS | I12: =IF(G12<75,"FAIL","PASS") -> FAIL | J12: =IF(AND(H12="FAIL",I12="FAIL"),"RED - Dual Risk",IF(OR(H12="FAIL",I12="FAIL"),"YELLOW - Single Risk","GREEN - Satisfactory")) -> YELLOW - Single Risk | L12: =IF(J12="GREEN - Satisfactory",G12,"") | M12: =IF(J12="GREEN - Satisfactory",F12,"") | N12: =IF(J12="YELLOW - Single Risk",G12,"") -> 69.7 | O12: =IF(J12="YELLOW - Single Risk",F12,"") -> 73.3 | P12: =IF(J12="RED - Dual Risk",G12,"") | Q12: =IF(J12="RED - Dual Risk",F12,"")
A13: STU1012 | B13: Sultan Fahad | C13: 81 | D13: 86 | E13: 78 | F13: =ROUND(AVERAGE(C13:E13),1) -> 81.7 | G13: 51.6 | H13: =IF(F13<60,"FAIL","PASS") -> PASS | I13: =IF(G13<75,"FAIL","PASS") -> FAIL | J13: =IF(AND(H13="FAIL",I13="FAIL"),"RED - Dual Risk",IF(OR(H13="FAIL",I13="FAIL"),"YELLOW - Single Risk","GREEN - Satisfactory")) -> YELLOW - Single Risk | L13: =IF(J13="GREEN - Satisfactory",G13,"") | M13: =IF(J13="GREEN - Satisfactory",F13,"") | N13: =IF(J13="YELLOW - Single Risk",G13,"") -> 51.6 | O13: =IF(J13="YELLOW - Single Risk",F13,"") -> 81.7 | P13: =IF(J13="RED - Dual Risk",G13,"") | Q13: =IF(J13="RED - Dual Risk",F13,"")
A14: STU1013 | B14: Majed Abdullah | C14: 81 | D14: 74 | E14: 92 | F14: =ROUND(AVERAGE(C14:E14),1) -> 82.3 | G14: 59.5 | H14: =IF(F14<60,"FAIL","PASS") -> PASS | I14: =IF(G14<75,"FAIL","PASS") -> FAIL | J14: =IF(AND(H14="FAIL",I14="FAIL"),"RED - Dual Risk",IF(OR(H14="FAIL",I14="FAIL"),"YELLOW - Single Risk","GREEN - Satisfactory")) -> YELLOW - Single Risk | L14: =IF(J14="GREEN - Satisfactory",G14,"") | M14: =IF(J14="GREEN - Satisfactory",F14,"") | N14: =IF(J14="YELLOW - Single Risk",G14,"") -> 59.5 | O14: =IF(J14="YELLOW - Single Risk",F14,"") -> 82.3 | P14: =IF(J14="RED - Dual Risk",G14,"") | Q14: =IF(J14="RED - Dual Risk",F14,"")
A15: STU1014 | B15: Badr Ibrahim | C15: 54 | D15: 44 | E15: 48 | F15: =ROUND(AVERAGE(C15:E15),1) -> 48.7 | G15: 79.1 | H15: =IF(F15<60,"FAIL","PASS") -> FAIL | I15: =IF(G15<75,"FAIL","PASS") -> PASS | J15: =IF(AND(H15="FAIL",I15="FAIL"),"RED - Dual Risk",IF(OR(H15="FAIL",I15="FAIL"),"YELLOW - Single Risk","GREEN - Satisfactory")) -> YELLOW - Single Risk | L15: =IF(J15="GREEN - Satisfactory",G15,"") | M15: =IF(J15="GREEN - Satisfactory",F15,"") | N15: =IF(J15="YELLOW - Single Risk",G15,"") -> 79.1 | O15: =IF(J15="YELLOW - Single Risk",F15,"") -> 48.7 | P15: =IF(J15="RED - Dual Risk",G15,"") | Q15: =IF(J15="RED - Dual Risk",F15,"")
... A41: STU1040 | B41: Haneen Abdullah | C41: 56 | D41: 50 | E41: 41 | F41: =ROUND(AVERAGE(C41:E41),1) -> 49 | G41: 62.9 | H41: =IF(F41<60,"FAIL","PASS") -> FAIL | I41: =IF(G41<75,"FAIL","PASS") -> FAIL | J41: =IF(AND(H41="FAIL",I41="FAIL"),"RED - Dual Risk",IF(OR(H41="FAIL",I41="FAIL"),"YELLOW - Single Risk","GREEN - Satisfactory")) -> RED - Dual Risk | L41: =IF(J41="GREEN - Satisfactory",G41,"") | M41: =IF(J41="GREEN - Satisfactory",F41,"") | N41: =IF(J41="YELLOW - Single Risk",G41,"") | O41: =IF(J41="YELLOW - Single Risk",F41,"") | P41: =IF(J41="RED - Dual Risk",G41,"") -> 62.9 | Q41: =IF(J41="RED - Dual Risk",F41,"") -> 49

Sheet Dashboard
A1: SPSS Educator Dashboard — Student Risk Overview | N1: Calc Engine (formulas feed the KPI cards & charts above — do not delete)
A2: Live snapshot generated from the Student Data sheet — updates automatically as scores and attendance are entered.
M3: Total Students | N3: =COUNTA('Student Data'!A2:A41) -> 40
A4: Total Students | C4: RED — Dual Risk | E4: YELLOW — Single Risk | G4: GREEN — Satisfactory | I4: % Students At Risk | M4: Red Count | N4: =COUNTIF('Student Data'!J2:J41,"RED - Dual Risk") -> 10
A5: =N3 -> 40 | C5: =N4 -> 10 | E5: =N5 -> 20 | G5: =N6 -> 10 | I5: =N7 -> 0.75 | M5: Yellow Count | N5: =COUNTIF('Student Data'!J2:J41,"YELLOW - Single Risk") -> 20
M6: Green Count | N6: =COUNTIF('Student Data'!J2:J41,"GREEN - Satisfactory") -> 10
M7: Pct At Risk | N7: =(N4+N5)/N3 -> 0.75
A8: students | C8: students | E8: students | G8: students | I8: of roster | M8: Avg Class Average | N8: =AVERAGE('Student Data'!F2:F41) -> 64.3925
M9: Avg Attendance | N9: =AVERAGE('Student Data'!G2:G41) -> 74.3625
A10: Avg Class Average: | B10: =N8 -> 64.3925 | D10: Avg Attendance %: | E10: =N9 -> 74.3625 | G10: Lowest Average: | H10: =N10 -> 43.3 | J10: Lowest Attendance: | K10: =N11 -> 51.6 | M10: Lowest Average | N10: =MIN('Student Data'!F2:F41) -> 43.3
M11: Lowest Attendance | N11: =MIN('Student Data'!G2:G41) -> 51.6
A13: Risk Category Breakdown | D13: Weekly Risk Trend
A14: Category | B14: Students | D14: Week | E14: Red | F14: Yellow | G14: Green
A15: RED - Dual Risk | B15: =N4 -> 10 | D15: Week 1 | E15: 4 | F15: 9 | G15: 27
A16: YELLOW - Single Risk | B16: =N5 -> 20 | D16: Week 2 | E16: 5 | F16: 10 | G16: 25
A17: GREEN - Satisfactory | B17: =N6 -> 10 | D17: Week 3 | E17: 7 | F17: 11 | G17: 22
D18: Week 4 | E18: 9 | F18: 10 | G18: 21
D19: Week 5 | E19: 8 | F19: 9 | G19: 23
D20: Week 6 | E20: 6 | F20: 8 | G20: 26

Sheet README
A1: SPSS Sample Dataset - Placeholder Data
A3: This is a SYNTHETIC/PLACEHOLDER dataset created to let you build and test your
A4: Excel + Orange Data Mining workflow before your real student data is available.
A6: Structure:
A7: - 40 fictional students distributed across 3 risk categories:
A8: RED (10 students), YELLOW (20 students), GREEN (10 students)
A10: Thresholds used (as defined in the project):
A11: - Academic Threshold: Average of Test 1-3 < 60% => FAIL
A12: - Attendance Threshold: Attendance % < 75% => FAIL
A14: Columns F (Average), H (Academic Status), I (Attendance Status), and J (Risk Category)
A15: are all LIVE FORMULAS - if you replace columns C:E and G with real data, everything
A16: recalculates automatically.
... A25: columns L:U on this sheet for hidden chart-helper formulas (do not delete).
